EDF,LLF,GA,|,station #,request #,off ratio,shuttle #,shut Capacity,|,EDF,LLF,GA,|init,EDF,LLF,GA,|rDS
12,10,11,|,20,100,0.6,10,5,|,88.0,90.0,89.0,|init,6,6,6,1.48110840662
9,9,7,|,20,100,0.6,10,5,|,91.0,91.0,93.0,|init,4,4,5,1.47639596203
11,10,11,|,20,100,0.6,10,5,|,89.0,90.0,89.0,|init,5,5,5,1.41914791499
9,10,8,|,20,100,0.6,10,5,|,91.0,90.0,92.0,|init,7,7,7,1.47507766072
10,14,13,|,20,100,0.6,10,5,|,90.0,86.0,87.0,|init,8,8,8,1.45577160076