EDF,MSF,LLF,GA,|,station #,request #,off ratio,shuttle #,shut Capacity,|,EDF,MSF,LLF,GA,|init,EDF,MSF,LLF,GA,|rDS
12,12,11,9,|,20,100,0.6,10,5,|,88.0,88.0,89.0,91.0,|init,8,8,8,8,1.4750512578904083
12,20,15,12,|,20,100,0.6,10,5,|,88.0,80.0,85.0,88.0,|init,8,8,8,8,1.5040413949529983
12,12,11,12,|,20,100,0.6,10,5,|,88.0,88.0,89.0,88.0,|init,8,8,8,8,1.4500241213523934