EDF,MSF,LLF,GA
1.9349439144134521,1.5768651962280273,1.3345122337341309,252.51523184776306
1.6577160358428955,1.435948133468628,1.5157191753387451,227.65288972854614
